Player 1,Player 2,P1 wins,P2 wins
First Move,Vertical,100,0
Generous,Generous,46,54
Horizontal,Last Move,0,100
First Move,Last Move,100,0
Nico-bot,Random,100,0
Last Move,Vertical,100,0
Vertical,Vertical,62,38
Last Move,Greedy,0,100
Random,Vertical,50,50
Horizontal,Greedy,0,100
Generous,Horizontal,39,61
Horizontal,Horizontal,43,57
Nico-bot,Generous,100,0
Last Move,Generous,100,0
Vertical,Nico-bot,0,100
Generous,Last Move,0,100
Horizontal,Random,43,57
Nico-bot,Nico-bot,47,53
Generous,Nico-bot,0,100
Horizontal,Nico-bot,0,100
Greedy,Generous,100,0
Horizontal,Generous,56,44
First Move,Random,99,1
Vertical,Horizontal,56,44
Last Move,Last Move,0,100
Generous,Vertical,45,55
Greedy,Greedy,34,66
Last Move,Nico-bot,0,100
Random,Greedy,0,100
Vertical,First Move,0,100
First Move,Generous,100,0
Greedy,Random,100,0
Last Move,First Move,100,0
First Move,Horizontal,100,0
Random,Horizontal,60,40
Vertical,Generous,54,46
Horizontal,First Move,0,100
First Move,First Move,0,100
Random,First Move,1,99
First Move,Nico-bot,0,100
Random,Random,49,51
Nico-bot,Greedy,95,5
Last Move,Horizontal,100,0
Vertical,Random,45,55
Greedy,Last Move,100,0
Greedy,First Move,100,0
Nico-bot,Last Move,100,0
Last Move,Random,100,0
Vertical,Greedy,0,100
Random,Generous,75,25
First Move,Greedy,0,100
Nico-bot,Horizontal,100,0
Nico-bot,First Move,100,0
Vertical,Last Move,0,100
Horizontal,Vertical,48,52
Generous,Greedy,0,100
Random,Last Move,0,100
Generous,First Move,0,100
Random,Nico-bot,0,100
Greedy,Horizontal,100,0
Nico-bot,Vertical,100,0
Generous,Random,34,66
Greedy,Nico-bot,5,95
Greedy,Vertical,100,0
